workerid,anon_workerid
A2WXGTM2AHX69O,0
A3HF3Q18JSCVRY,1
A1I0AQEKVWIPXC,2
A3G8V1WCIL2MLP,3
A28W67ZXNQ3K19,4
AABZIG36VNJZK,5
AHBEBTY41ZW52,6
A34BP4EJWYSJ69,7
A2PI9PTVZNPMMW,8
A10M0S7FH5FZQ8,9
A259UZJQOOVE4V,10
A21Y7K669KM1PR,11
A17V85U8PXS4LJ,12
A3PV8DOZEDR387,13
ABGFBUCWV7C23,14
A1CJDJAJX13B0I,15
A101CCS1C3DVWQ,16
A1OZW41AT4LL93,17
A3TDA1NWHNQFE3,18
A2QZKLOM08GVPH,19
A2H3BCAABN7SCV,20
AHT0WFH0HG5UE,21
A29P04QSJBNKOQ,22
AC680ARQG8IU1,23
ANLNHNT5T6TUS,24
A23LH0S26G0KSP,25
A39MVWOW2MAEEJ,26
A2HG1N3BVQO6I,27
A1XNXLBI0GOOXX,28
A2NQC7272LO5S0,29
A25YOPZ8EPRLLO,30
AN6KRNB1O5J8U,31
A1XVWX7ARRHFRS,32
A1H2DOSN5SFN7A,33
A2QWZQ1AFQZC2Y,34
A1O13CQ94JWDCT,35
A1J25J2Y13DD9Z,36
A18RDBJFY3QWZL,37
A23YI6WD4E8DKF,38
A2A5TPFUI0S36V,39
A3B2YRXL26RPVH,40
AK4IAOOCYARQ5,41
A345SA24CSYZDC,42
A3PX5A593EH8CT,43
A129GA7DAJESE2,44
A1S852VEN8QRP3,45
A1XY7UIT4IHI3R,46
A118RTS8BOFIH7,47
A3UD7T1L80TCR3,48
A2R0E562IM1FXM,49
AJ86CAZX0QCE9,50
A1ZEZ95RVLU748,51
A2P6904BJFU32C,52
A159VRVTSJ5SQ1,53
A2W32ASFEXZE5I,54
AM6UAUQNJE1A6,55
A3CL0GWDEQU9G8,56
AR71NXS6I743E,57
A46DGMYAWYN1,58
AXJ13LZRGIQTK,59
AICVCTDPFBKB8,60
A1Q8EZ0K4O6PLJ,61
A2CBHBPJCIXISI,62
A17ELSQUMU0QT6,63
A3H6KECCE83132,64
A34U5Q8BSDSKK8,65
A3PMGUAC5XHORQ,66
A2C6MQZ8WCC6LA,67
A7O82NXM2PI12,68
A3EOBVZ13L64O5,69
A1LII4M7CS6C9I,70
A1ZGQC0J00M69W,71
A2NPKWYVIH3QKH,72
A2QJP5BZ7B523H,73
A1ROVM8DF64W2Z,74
A3K6V27ZCPYCUC,75
ABZJPIWQ7JWBC,76
A1768BFPFQ8AP1,77
A2US6C9L5FCZBB,78
A1P5BNBYL2Z5QM,79
A58RZ9YFZ1T6M,80
A2LMREAO2XRLTM,81
AGNJKSH5LFKXZ,82
AZBEA4X1GBSTI,83
A9EQ4FWCUQVBL,84
A187DN81XAMILE,85
A2BKJWXMXTBQ0,86
A3G87UBU2LDNYB,87
A2FBXO2ZPIH6UB,88
AUHKT6LPP7A8R,89
A3VNCLHQIYH3LZ,90
A20TVQ2ZM7QWIP,91
A25FNSFSB048DL,92
A2CGCAQA2IKLRV,93
A13MS42EL4D7J8,94
A2EVTBJG1Z9TCP,95
A3V6HLOUXWUYX1,96
A23LDUAOAOR2AS,97
AN45KLUESX3NY,98
A1WPXQWFALCA65,99
A21SF3IKIZB0VN,100
A1Q8V9050IW4XG,101
A2VO8DNCVTCNH3,102
A2TZH1PO9PXJRY,103
A323FSW20J8C1M,104
A3C5A515KHWU1P,105
A385VGIDY4JUOR,106
AEZ8HFKNK24Q3,107
AN0ML5CZP3BGZ,108
A3606ZAPA7FZBP,109
AE2N5QUSIL9JE,110
A2TQ5T9XRW1NEG,111
A1HZG402KAC0B7,112
A3H6L4YIN8K9JV,113
A122XBTHLAFX51,114
A3BJGIAYEAFQVS,115
A321WQIFK10UV3,116
AKMQH2MGTUWO9,117
A2FPBDIS8EQUFT,118
A2ZX1X8APJ11V5,119
A3NC9MZKCOD3T4,120
A2K607J3Z68WRR,121
A2X92J4CF7RRJ2,122
A3F69R5AE77SOI,123
A2QFLN7ZQL9F8J,124
A93TZ8D977W3B,125
A14OGT1KU92YUJ,126
A1IZ4NX41GKU4X,127
A2EOTHATVH1LF4,128
A34B06J546NYUA,129
A3LKHD43QDSIQ3,130
A3KJK9KIHLO226,131
A2F8YFFRKK14QD,132
A1MMXNA4IIRBOK,133
AJY6J33X1KJNP,134
A10IZOZGBH42K,135
A1BZMONU8QDPFQ,136
ACSS93E03ZUGX,137
AFPB6UZWRG3G1,138
AYXDE087J2KO,139
A288RSAGJBLY9,140
A357NQQMDTHD49,141
A2APLCDM5WB4D,142
AAAIZU66Q9K7G,143
A37JSOJH9695SM,144
A2Y2ZIFWWTF64J,145
A1U46YK7C5HEY1,146
A27URCBSN7REJG,147
A9LMQZR57BIOQ,148
A10443E11ZWEHJ,149
A2N9U74YIPDQ9F,150
AP8NUNAUF5BBH,151
A2595JKN79FO6E,152
A2CHSX9ZE4ZSRZ,153
A2TKHXY755FAM,154
A2SFBYSKVB1AZ4,155
A1YNBQAKX6FUVW,156
A11LJQ41984DH,157
A2R1JVEVFXAGUI,158
A5BBUOX8P86N4,159
A3NH4V2J7FZJ8N,160
A1H6PVWRCYN0E4,161
A23J0BNIK7TB1N,162
A1TP02EKG6TODN,163
A1C8FN01981A69,164
A36UNYMDBED99W,165
A3BQ2Y0PBTAS0H,166
A3B3JM7MZX2VI2,167
A2074QSPIR6OGZ,168
AQIRBIW11DAM1,169
A2CQOJA8F9RINQ,170
AF71KE72CA8H6,171
AU7RK2T2CMUBV,172
A2P3CI0NGA72BB,173
ABFG4RHEKHFPC,174
A1JCKICNOC7DAB,175
A15QEXY8193S93,176
A3VTUDQ3SKMUDW,177
AYIFHDQSXQJ6B,178
A3OYZK65C2G39N,179
A3CF8ULBSE8MTL,180
A110JBKYAC0WAW,181
A1RWNYJA5X25YH,182
A1M5ONKQVR5E7N,183
A25UZQENK9A4PL,184
AVI5T2QIX4D4J,185
A2CY1TSQ3KKP5Q,186
A20U74OX7XFA0I,187
A3QHHXSYCY42O9,188
A3JMHMJ3YKOAYH,189
A11LSO6D7BMY99,190
A3R457FAWQXZN3,191
A2SULQE4M8C3CM,192
AFUJFPFEU3TAG,193
A2F5AZQ55LXHKT,194
A15F4OLX1842BK,195
A2RT88YOU8VHKO,196
A3QSE5CQRAW0NK,197
A3HZ8JZAJB124J,198
A38E0LSBY662SJ,199
ADP1QUGXHGJRS,200
AE837QZ9XU1UQ,201
A1SWGSFIMZJQE,202
ADXRJFEHIDXRE,203
A221T10MJY10O6,204
A16YTFYBJR3L86,205
A1E1SBWRRBUSOE,206
AE3OGDBIWGFCS,207
A14CFBPUTP0XU,208
A3ZRJ5ATKTDSW,209
A1MVU14AJYAOWE,210
AJF1T7F16UM7H,211
A3P9EQLC169RQZ,212
ADBDQ7FTFHKCR,213
A3C84MN9QCP1U6,214
A1KHI648GDU664,215
A3M4XCMOWA61TL,216
A3PKDNYMM5GZZ3,217
AVKHFHMBL4V9S,218
AJTLLYV8O5FQU,219
A19HO3Q9PDRBZ8,220
ABOK277FNZBY6,221
A7SXWHGK8B40R,222
A251MDPJPO44TF,223
ASUNVSCK104BC,224
AV2RQVFGBP8FU,225
ACGPZPR9CKPT8,226
AQ4E5I5URLK0W,227
A1U5HJN8JXXLI7,228
A11G1TGXX3YS24,229
A3TL2FF7QI89JZ,230
A1TEVUU2U1VYYV,231
A35E9N7U9LSNL2,232
A3CKTW6VXFXGBQ,233
A1NOR6E0WT0Y14,234
ACRTRQ23XH20E,235
A3IL33FF8JRGM0,236
A1WH3YESFOZNDE,237
A34JWPWG2HN8W7,238
A2BXOUI2Z17M6E,239
A3IHG12D1WMW8Y,240
AZ7YG7SPXGZ5T,241
A2LYT77CO0JXLG,242
A23HZ18KTCK2DA,243
A2I6KQFA18BEGQ,244
A2U5BE22RS09CM,245
A1K2S6O1Z6LX53,246
A3O5T42XMVUXQ,247
AFBXELTMW0QH5,248
A3709DFGATLBC4,249
A6A9JHDSYR9ZQ,250
A27QLB5216D42S,251
A20QAT5IDIHW1C,252
A27G7IZ1ZOMX5T,253
A1A1ZXUVSV4YR8,254
A3PRQ2GSU42718,255
A3GWRDHAURRNK6,256
A3959GYL1Z4EO0,257
A20KSAT0MMG0VP,258
A13FTIHWW9GE8X,259
A23UR491LYROZD,260
AKA1OFCNVYWBQ,261
ARZEZGD9TYK3Q,262
A1GOT0DXTYCM4E,263
A3O4WYGKH31OX,264
AX1THMSZH9Y8O,265
A30US88GBGBG0V,266
A24E3S2PV0R8Q2,267
A2LR15SOU4W7MO,268
A3DLQZ6UB427RI,269
ASTY1XNJS7RSV,270
A1PNYLOKED8FWF,271
A3K2L3J6XTNLBB,272
A28RG32FL532Y3,273
A105ZUIAGMN8SW,274
A8PHBSB0UWNTK,275
A153J31AVDX32V,276
A1VHU4SVKF2FJ0,277
AFY2R2HXN8U2I,278
AJ02LB3WXMMY4,279
A3VZDRWPGJH46L,280
A1ERQNE0A1AOVX,281
AENJ7GDYBENYX,282
A27X63WE1OT1FN,283
A14OT0A0N057FL,284
ALH0SZNPEOA3E,285
AYOW2796OS101,286
ABRU6XODRFXB5,287
A3W1WQ8LZZZF0Y,288
A1Y3IPBBZQTWR2,289
A2JK9URISOXMBQ,290
A3N2NKUWP5ZH7,291
A1DBD0408DFVB1,292
AYKFEI11WIR7H,293
A1ANSFI5L7SUUH,294
A2XJEH275MEUKK,295
A16SAB417Y96G4,296
A1FYMTQ3YSEOQ9,297
A1HJ79AXLDNY5P,298
A15WCNO32MHBAF,299
A3GNQDFPZALU92,300
A134VBUS05XZ45,301
AYW6H3GAHFDRG,302
ANUCOU2EAORZM,303
A2DUVVTCCN7ZSZ,304
A2JRZWMWKZU6W1,305
A1P47Q6LZPLQ6P,306
A2IYD10LBEH6AT,307
A3EW00DIA52OST,308
A3OG0CWF19INEH,309
A1L677O8032TL1,310
A1L1S0IAPZB4MO,311
A6KB4VHCZYTY2,312
A3EH553FEF0D9M,313
A1QHMJ1QOJAYPE,314
A1WMOJNU4FFQY8,315
A3MS21UJPMHLK0,316
A1N3K43RX4AUET,317
A3PCZQRCG5P6HH,318
A29ZL8OPJOUK0U,319
A35N6G6BCAPVTU,320
A3LL1IZANQMY4B,321
AYNUK54JG6E2H,322
A2J376AGTH812U,323
A2Y1VRAD5DSW45,324
A23YQ8J1DNM084,325
A24TQ5DGWOQ9OF,326
A3V3D0NQ83KVYW,327
ARHBT4K14I7U,328
A1ZQ4Q7DXAE35B,329
A2T6LFJJCWCMFT,330
A3M04E7WK3J9GR,331
A38X140VWKHPU1,332
A1RZF70QW24JQE,333
A3B4XYSG4967DW,334
A1DGO1HBALAIJU,335
A21VFTNS5FSCL7,336
A9YEY5DJ5F6ZJ,337
A2AWBHG2WE24AB,338
AVWU9JDY5G81E,339
A1EH7TI7U8KO9C,340
A374FPA3XROZUJ,341
A1KFCJJF5T6NC2,342
AICG22BCKBA0S,343
A241YLHAYBMMTJ,344
A3Q9H7A8J8GR01,345
ACMS77MN68562,346
A1DZDAR6J7N3HH,347
A3DA81ZFKYYGFC,348
A4LZANILQMJDG,349
A1HBVN60HQ6TPW,350
A1QUQ0TV9KVD4C,351
AR5AV0OMG1SJU,352
A32AM1ZLLNQF81,353
AIYBD81BFT7U0,354
AP3LRMKKR2LNK,355
A3FTB0N4U7ODJ8,356
A2BARVYSCEIJN1,357
A3AIUFTRDY7L4U,358
A38VE3N9O0332D,359
A31271XVVXIM5C,360
A20DJRAE8TZUH5,361
A104V8NZIQFN2F,362
ABIUIDN3HTG9Q,363
A1GNZAFDJH91FZ,364
A3H8CW351DNAAM,365
A2STZN7N9T2346,366
A1JNHW7JJTHH13,367
A1M64R8HPYNNZA,368
AZ1721K9476A,369
A14OPYZ542M6N6,370
ALOYY3E72AQ1K,371
AL3HSZQQC9UGP,372
A28HB7240OFGEW,373
A27FBMV6E4YO3T,374
A1SRJKD5QTAOM,375
A3KA1TOLU6HWHE,376
A305HKK2A4VC9Z,377
A1N1ULK71RHVMM,378
A3P7AZ2YH4ICQJ,379
A1A6VHOP1K7RIM,380
A2A3WIYPZD8XSC,381
A12AHCER28HC0,382
A2D6BSP2PRRQOH,383
AKMIORNF40ST7,384
A2IYR9HF66R029,385
A3577PXMV4EFOE,386
A3BN7XW16OPEP3,387
A1ONILGBGJ8Y5K,388
A29ILQO8285XX,389
A1JS6T809ORXEF,390
A1CCQK9OJ7ZICK,391
ASI6KXF2GAUTQ,392
AE015UO038LEC,393
A1ZNO22R0CI05Q,394
A2OXXWF2EDNMFU,395
AZ8KL6F16ZS7G,396
AHNEEUIKQ4QP9,397
AY6TYQZQ29W1W,398
A24LB89P1BPKKF,399
A1O6WOWN2X9R9C,400
A20KOR2M8WXIIS,401
A22Z03NU5RN6AZ,402
AD2MM9ADRNBVR,403
A27U34JQKVDTA3,404
A1PTK745LEZ0QB,405
ANS8B7J9GNA2W,406
AYUBSG6FZ9DVU,407
A3AB00JQ0B608A,408
A1OZRLVS8ZOZY5,409
A2QCUL2T7XQ9VN,410
A1LDB5XI8SW99C,411
A3J84UA7THFJGI,412
AA1IM0SAQ3XFM,413
AMNRYECHXZY34,414
A3O609KRTW57H9,415
A1I3QYJJU5ACFR,416
A3NNMPGQT7DSXS,417
A1RH3X41J9J05R,418
A3HBMKX19GBOGR,419
A3EFADKPCJ8YQ0,420
A1IL81UMEC9OJI,421
A5J1P1WRXNWUT,422
A2UJ3OY2ZG4FBB,423
A3IC7ZQ257WUNV,424
A1B2KWQ8W1W7RU,425
A3MOXVC03ZM49Z,426
A1FCO25BQW1KY2,427
A6Z9ZUFI0SMX1,428
A2ZZEVGIDEUXMO,429
A183SR34OPZN9S,430
A3JUD2MFC1Q7H1,431
A14JGBZ7KHDI6C,432
A3NDS2EPUO3QAT,433
A2QX3YJXAAHHVV,434
AKTWA4NBCUQMV,435
A9VEZ7WVCCK8G,436
A2NRSUF685TEXV,437
A1U7FBPOCHAJCC,438
A5UHPNDXCAO7O,439
A3Q9C5BOYGP0BO,440
A1VZXIAUASLRG9,441
A36J455OS7SCN1,442
AYUA338WFJCYE,443
A2VAOQ8P5M2Y8D,444
A3I55L67X0MWC4,445
A2PJBSDDN22XIX,446
AKTKZ67S4GWBB,447
A1N4TYRLJ26DB9,448
ARN2SKPX80YV1,449
AZ9JUQYOJVTVE,450
A3IOQ7NVVLAUEE,451
AUR5KDE75HSZ9,452
A20P6L5TGUGBTT,453
A187YUNZIFCWPC,454
A1XE5G7H6AO5HH,455
AS6U8MUH1TFJ8,456
A26B65LZIDA33Z,457
A38KSMIXK3QOD4,458
A2FJYDSAE26ILV,459
A26Z5PHC885L9A,460
A19KV11YU93DS7,461
A31CU0QK8J7OWZ,462
A2FQON8PKT8ZB1,463
A2MI6AUNBXGL47,464
A2RLY2I4U06ETD,465
ADRDPV7A37WQ4,466
A34Y00EAWB242M,467
A14BBX0IP4D6DN,468
A27L7NE1J1WQDH,469
AEIKPFK389MK6,470
A3QODW8CMVEER3,471
A3R01FSZLX4I4Q,472
A23TH591R5OPKP,473
A3AGX53VAZVJ7I,474
A3CXYVPO1IFDZI,475
A3IZWWMC2A9YWC,476
A219VCQZADQ45W,477
A1E3Y8DJR2EQOC,478
A3GUM1J7OYRYPR,479
AW1QY7Q83DYCJ,480
AYT6HHXY4IQEL,481
AJ4B5W7LPJEQO,482
A1Z12SGB1WMXHK,483
A8TIL9U6YHG5,484
A1FGKIKJYSL1MI,485
A1BRTQ2US3CEOC,486
AZIAQJWXTSFUX,487
A25J6Y7MVE2AH8,488
A23L3VL71MUVEE,489
AES2O4XSJA1EW,490
A8VPB33FOYVDK,491
A1S4F2L2O88XE4,492
AGKRR5258FQRU,493
A1BB6H5STZAMMO,494
A1UY2W2FL9CWN,495
A14CPWFT35LU12,496
A1OWHPMKE7YAGL,497
A3BHDQILY0XJUS,498
A3LJGBLWQHY41O,499
AHVM9ORYY3F5J,500
A2HM35CWB7IIFM,501
A1AIB79899QTQZ,502
AK1Y09TWU3IQ6,503
A1UD50AYOVBEWB,504
A67D9ONK3AJZ8,505
AI4AO0O0WIJF7,506
AG8PCITDPLLKU,507
A37PIJX7SN1U1V,508
A2B71JKIORW6VA,509
A40DICKRMQTVC,510
A11BACV6DY5S8M,511
A389LTO1Q8DAKN,512
A2P39Y7HNT4MSO,513
A189W1QQZHF2KD,514
A23BRTL5PQ6X1E,515
AFXNF8FWT090W,516
A3O9TQG795QSI6,517
A25AJ66CYVUTBR,518
A3R9BUUZV3NFYD,519
AIEGKVQ47B3FQ,520
A37JRI5C9K0K6J,521
A1KFHUDQAOGWKG,522
A130P4M9JPT4YA,523
A2HHK2B1GUH9GX,524
A2QHONSJA8BAL7,525
A1J8A3LQV080SJ,526
ANX1Y9N76T82E,527
A3DS4IOHKESH66,528
A2J6PTI1I4NAOW,529
A2DHLFPCDUTK2O,530
A399GYOD60WD7M,531
A25VDMEXXIY08P,532
A2BLQ1GVEHJR8T,533
A24NKUCAX1LURL,534
AA5JX15B6CHPD,535
A17CM1R9CBNPZM,536
AIUKV0KVALMY6,537
A3LPZ9NGCUYJEW,538
A3JL63GYXTUNK9,539
A1IC77WHS8LRF0,540
AU34T9OMHN4Z4,541
A2UFCOAUG7A4RP,542
A2Z64DTPQY8DNV,543
A3IB3RSU49VI22,544
A2AUMGW4F3G1OF,545
A1WLPYUI03QEM7,546
A1TF3A724PX4Y4,547
A2WROO63ZRWK4E,548
A1FNNL4YJGBU8U,549
APJJ1HHD2GGFS,550
A2CQON4MOCHNGM,551
ABN9IUIM1YA7Y,552
AGZ8QEA41JRU6,553
A3KFPUINH8E30A,554
A1DKKL6MZ8F1QK,555
A3C49ON1P4KF40,556
A1CT30YGXTHW9O,557
A259AXODQQ0WUJ,558
A2T1JYVKKQQHH9,559
A14LO2FWSF9AJU,560
A1MCO5OVM4XZMN,561
A1HNBOKUDBGVD9,562
A2OEGE9HZZ2BGF,563
A3VV5LHPNHNH3W,564
AV8GE4UMX97V6,565
A2XS5DMRS7MG9N,566
A31BA1WLSWUSY1,567
A3KVKK1XLBTSN3,568
A20C7ZLLE41JUO,569
A1GMFGB5HOZW08,570
A1WPCMXFU9NH9G,571
A10R6QJS57GZPW,572
A2R793UWTEI0XO,573
A17O0ZOMWVBJFK,574
A100WC5RYQOZ5O,575
A1KIVCRFV61LJO,576
A1AJJK9OCKF8PI,577
A2SAWJZQM8GTF6,578
A1YX741QQSMKPS,579
ASCZLT6EAHERE,580
A10EV0ETV0PWOX,581
A1VLG32NNZ0DF8,582
A1KM3RO255T3T6,583
A34PP32TID2A4N,584
AQHXJX9M25XK4,585
A12DPXEUTB0G6P,586
AU3UDHKZ4QTRW,587
AU506FWNJPZ12,588
A179URMT8HPJMK,589
A3KPZRJSJL2NDB,590
A1R93MQYAFEVX1,591
ANZR5H38EL175,592
A27AK750Y9M9KH,593
A1E8UHTVL7X3IT,594
A3NFGEUZAH9V5G,595
A3LGSDE7XLDX4F,596
A17TQ8BWENVLEH,597
A2QFL6NIYNPA7D,598
A2WCJX1AOOATE9,599
